id;name;created_by;created_date;last_modified_by;last_modified_date
bcea92ea-dcaf-4914-b13a-8de37ef1608e;ack enrage;although;2025-06-16T08:25:41;silver;2025-06-16T14:53:11
40bf4af0-ef42-4cff-9b71-9fec6d250670;as suffice;loyally;2025-06-16T12:57:57;serpentine rag;2025-06-16T19:34:07
a782f771-06e0-4235-aa59-78d1c8d07b93;sequester ew annually;stiff regarding;2025-06-16T07:57:01;forenenst sand given;2025-06-15T22:14:04
1903e57c-d050-4a80-a55c-d52c9d5b60b4;where;unlike partially provided;2025-06-16T01:39:07;ah uh-huh;2025-06-16T05:50:57
6fab1a25-7cf4-4d1b-b731-36e9396004c1;valuable concerned excepting;er so;2025-06-15T23:21:07;accompanist that;2025-06-15T20:24:37
5e7c3512-967b-4d90-a4b0-86d54fec0d5b;bend hmph cluttered;phooey flat reproach;2025-06-16T02:54:34;caption scratch coolly;2025-06-16T05:27:08
422bb771-4b2f-4acd-b44b-c12e557d3154;cheerful ugh which;dramatic;2025-06-16T07:30:05;why eek promptly;2025-06-16T07:14:46
bae95d93-9c4e-43c8-9419-a5ad050ab142;readily linear;brr citizen nor;2025-06-16T12:54:51;arrogantly;2025-06-16T09:26:48
f555116e-8d19-41e0-be1f-7a197582fa7c;for outrun even;until;2025-06-16T18:01:18;atop liberalize amid;2025-06-15T20:32:14
b32bee78-11dd-4703-bb3c-0ec067c07db8;wholly given;weighty failing except;2025-06-16T04:54:56;very wicked;2025-06-15T21:49:37
